ID,Price
12001,570.6
12002,390.36
12003,38.61
12004,570.05
12005,387.98
12006,38.67
12007,570.79
12008,387.87
12009,38.45
12010,568.7
12011,384.97
12012,38.1
12013,567.3
12014,384.81
12015,37.77
12016,562.57
12017,384.56
12018,37.23
12019,559.61
12020,386.93
12021,36.98
12022,554.79
12023,387.86
12024,36.57
12025,551.48
12026,390.73
12027,36.38
12028,547.52
12029,393.61
12030,36.14
12031,569.32
12032,399.53
12033,37.46
12034,565.4
12035,402.07
12036,37.72
12037,560.79
12038,400.18
12039,37.45
12040,554.57
12041,395.19
12042,37.2
12043,557.96
12044,397.7
12045,37.94
12046,555.22
12047,398.41
12048,37.31
12049,541.31
12050,399.72
12051,37.53
12052,541.65
12053,393.38
12054,35.88
12055,539.68
12056,395.8
12057,36.31
12058,541.83
12059,401.17
12060,35.66
12061,535.06
12062,401.39
12063,34.32
12064,533.96
12065,398.34
12066,36.61
12067,538.55
12068,392.2
12069,34.68
12070,544.3
12071,397.72
12072,36.82
12073,555
12074,396.02
12075,36.45
12076,553.18
12077,393.34
12078,37.38
12079,542.34
12080,398.91
12081,36.81
12082,546.43
12083,402.93
12084,36.19
12085,550.39
12086,402.49
12087,36.21
12088,548.73
12089,400.7
12090,36.72
12091,546.91
12092,389.94
12093,36.35
12094,546.51
12095,385.28
12096,36.14
12097,504.44
12098,388.43
12099,36.58
12100,500.74
12101,383.57
12102,36.8
12103,498.73
12104,398.81
12105,37.63
12106,495.84
12107,365.16
12108,38.16
12109,504.06
12110,350.09
12111,37.05
12112,504.86
12113,350.32
12114,36.09
12115,510.2
12116,344.26
12117,35.08
12118,513.19
12119,354.92
12120,35.7
12121,521.6
12122,360.01
12123,36.85
12124,532.12
12125,360.75
12126,36.99
12127,534.76
12128,358.71
12129,36.77
12130,533.87
12131,348.61
12132,37.44
12133,542.62
12134,356.58
12135,38.08
12136,544.61
12137,353.35
12138,38.82
12139,549.19
12140,351
12141,37.61
12142,534.47
12143,347.66
12144,37.61
12145,533.43
12146,350.83
12147,37.49
12148,525.79
12149,350.34
12150,36.87
12151,525.58
12152,348.2
12153,37.71
12154,523.02
12155,357.21
12156,37.59
12157,518.37
12158,356.46
12159,37.83
12160,527.03
12161,358.8
12162,38.38
12163,525.97
12164,362.85
12165,38.52
12166,528.21
12167,360.01
12168,37.44
12169,529.56
12170,364.18
12171,38.7
12172,532.21
12173,372.1
12174,38.27
12175,531.21
12176,372.99
12177,38.61
12178,529.7
12179,372.61
12180,37.81
12181,532.04
12182,370.4
12183,37.39
12184,535.04
12185,369.66
12186,38.06
12187,536.65
12188,369.55
12189,38.09
12190,531.17
12191,375.56
12192,37.45
12193,525.93
12194,374.38
12195,37.57
12196,526.76
12197,375.29
12198,37.45
12199,529.14
12200,378.21
12201,39.33
12202,531
12203,372.12
12204,39.51
12205,529.41
12206,372.32
12207,40.16
12208,533.6
12209,363.53
12210,39.87
12211,539.2
12212,354.15
12213,40.14
12214,542.86
12215,357.91
12216,40.21
12217,542.1
12218,348.15
12219,39.35
12220,538.05
12221,339.61
12222,39.44
12223,538.66
12224,340.7
12225,40.44
12226,537.79
12227,338.15
12228,40.67
12229,541.72
12230,342.93
12231,41.31
12232,541.61
12233,343.76
12234,41.52
12235,538.99
12236,334.28
12237,41.25
12238,532.87
12239,323.37
12240,39.54
12241,523.58
12242,320.12
12243,39.08
12244,521.62
12245,325.35
12246,39.85
12247,527.14
12248,329.43
12249,39.87
12250,524.77
12251,320.49
12252,39.55
12253,522.46
12254,316.94
12255,38.66
12256,522.37
12257,319.78
12258,39.22
12259,518.39
12260,316.43
12261,39.58
12262,517.95
12263,320.34
12264,40.71
12265,525.96
12266,322.86
12267,40.05
12268,529.16
12269,325.91
12270,39.45
12271,529.91
12272,331.94
12273,40.24
12274,534.85
12275,326.08
12276,40.39
12277,567.55
12278,333.78
12279,40.33
12280,570.76
12281,308.02
12282,39.56
12283,594.62
12284,297.26
12285,40.67
12286,588.6
12287,297.76
12288,40.32
12289,594.24
12290,300.08
12291,40.26
12292,589.35
12293,306.7
12294,40.31
12295,592.52
12296,308.1
12297,39.36
12298,599.96
12299,309.75
12300,39.04
12301,594.22
12302,299.67
12303,38.74
12304,592.14
12305,291.62
12306,39.42
12307,587.56
12308,291.52
12309,40.26
12310,587.1
12311,289.15
12312,39.5
12313,592.87
12314,301.7
12315,40.24
12316,591.88
12317,303.29
12318,41.01
12319,595.01
12320,299.31
12321,40.46
12322,590.32
12323,294.03
12324,39.08
12325,595.53
12326,295.42
12327,39.95
12328,603.4
12329,295.55
12330,40.17
12331,602.35
12332,299.77
12333,40.1
12334,605.12
12335,302.52
12336,41.02
12337,606.23
12338,305.6
12339,40.66
12340,612.73
12341,311.36
12342,40.14
12343,622.93
12344,310.03
12345,41.69
12346,616.97
12347,310.96
12348,40
12349,631.02
12350,313.37
12351,40.78
12352,636.17
12353,311.12
12354,41.47
12355,632.69
12356,308
12357,40.67
12358,636.73
12359,306.14
12360,39.89
12361,665.48
12362,307.11
12363,41.09
12364,655.26
12365,326.12
12366,41.96
12367,627.45
12368,327.22
12369,41.17
12370,91.17
12371,327.27
12372,41.6
12373,95.97
12374,333.35
12375,41.78
12376,85.22
12377,337.22
12378,41.15
12379,57.03
12380,325.01
12381,41.06
12382,88.15
12383,324.67
12384,41.43
12385,93.62
12386,326.1
12387,42.56
12388,89.18
12389,326.89
12390,43.22
12391,54.25
12392,332.32
12393,42.45
12394,81.37
12395,331.44
12396,41.79
12397,81.95
12398,325.36
12399,41.79
12400,96.97
12401,325.57
12402,42.8
12403,91.59
12404,325.46
12405,42.37
12406,97.72
12407,325.36
12408,42.83
12409,99.92
12410,325.65
12411,41.54
12412,81.58
12413,325.74
12414,42.46
12415,90.6
12416,327.58
12417,41.24
12418,88.04
12419,332.44
12420,41.68
12421,97.73
12422,333.19
12423,42.84
12424,88.29
12425,335.93
12426,42.76
12427,96.83
12428,333.47
12429,42.58
12430,93.29
12431,323
12432,41.74
12433,92.42
12434,326.62
12435,41.27
12436,92.28
12437,329.47
12438,42.18
12439,93.9
12440,344.65
12441,43.21
12442,95.29
12443,352.25
12444,41.64
12445,93.63
12446,353.12
12447,43.25
12448,91.31
12449,355.97
12450,43.75
12451,89.08
12452,355.43
12453,43.07
12454,96.35
12455,356.72
12456,44.48
12457,91.3
12458,358.26
12459,45.64
12460,94.11
12461,357.75
12462,44.93
12463,96.97
12464,358.01
12465,44.79
12466,97.47
12467,358.38
12468,44.37
12469,103.34
12470,319.36
12471,44.5
12472,98.78
12473,321.15
12474,43.74
12475,99.02
12476,319.61
12477,44.01
12478,103.37
12479,318.52
12480,43.8
12481,100.57
12482,314.13
12483,42.78
12484,95.64
12485,310.17
12486,42.62
12487,91.28
12488,310.75
12489,43.61
12490,93.94
12491,309.16
12492,43.14
12493,95.25
12494,313.7
12495,43.63
12496,93.56
12497,311.89
12498,43.23
12499,94.34
12500,316.76
12501,42.9
12502,95.74
12503,316.98
12504,43.48
12505,95.54
12506,321.31
12507,43.83
12508,97.35
12509,329.83
12510,44.31
12511,97.3
12512,332.16
12513,44.12
12514,97.76
12515,332.17
12516,45.19
12517,99.64
12518,335.1
12519,45.64
12520,100.29
12521,335.4
12522,46.03
12523,101.07
12524,336.07
12525,44.89
12526,100.94
12527,332.96
12528,45.98
12529,101.69
12530,332.14
12531,44.9
12532,101.01
12533,333.96
12534,45.22
12535,100.4
12536,342.07
12537,45.14
12538,102.14
12539,341.4
12540,44.54
12541,102.09
12542,340.37
12543,44.11
12544,102.33
12545,340.01
12546,45.94
12547,103.56
12548,341.07
12549,45.16
12550,97.45
12551,341.79
12552,45.76
12553,97.31
12554,347.48
12555,45.84
12556,97.98
12557,345.62
12558,46.67
12559,96.88
12560,342.63
12561,46.01
12562,98.54
12563,332.73
12564,46.71
12565,101.22
12566,332.48
12567,47.78
12568,101.52
12569,331.73
12570,47.62
12571,100.85
12572,331.83
12573,46.85
12574,101.03
12575,323.23
12576,46.13
12577,100.43
12578,326.31
12579,47.5
12580,101.05
12581,324.78
12582,46.53
12583,102.18
12584,324.25
12585,46.83
12586,100.48
12587,329.21
12588,47.82
12589,100.19
12590,322.01
12591,46.91
12592,103.14
12593,323.33
12594,45.79
12595,101.73
12596,325.69
12597,47.62
12598,96.58
12599,322.84
12600,45.11
12601,100.37
12602,322.16
12603,46.53
12604,100.97
12605,322.43
12606,47.07
12607,100.07
12608,322.34
12609,47.8
12610,97.92
12611,319.04
12612,45.46
12613,99.73
12614,316.68
12615,45.7
12616,99.26
12617,322.42
12618,45.91
12619,99.65
12620,321.32
12621,46.21
12622,97.83
12623,317.18
12624,44.97
12625,101.02
12626,318.96
12627,46.96
12628,101.18
12629,317.13
12630,45.55
12631,100.44
12632,313.62
12633,43.07
12634,99.3
12635,306.84
12636,43.09
12637,98.46
12638,307.54
12639,43.1
12640,97.82
12641,304.87
12642,43.77
12643,96.28
12644,303.4
12645,42.6
12646,97.59
12647,302.2
12648,43.71
12649,100.02
12650,304.24
12651,44.02
12652,103.38
12653,312.88
12654,45.55
12655,103.15
12656,312.96
12657,45.03
12658,104.84
12659,309.61
12660,45.08
12661,105.02
12662,284.39
12663,45.89
12664,105.28
12665,287.24
12666,46.53
12667,106.46
12668,295.56
12669,47.12
12670,107.6
12671,293.97
12672,46.34
12673,106.98
12674,299.46
12675,46.21
12676,108.45
12677,306.46
12678,46.96
12679,110.02
12680,307.26
12681,48.12
12682,109.34
12683,304.49
12684,48.28
12685,109.43
12686,295.84
12687,48.85
12688,109.15
12689,296.67
12690,49.02
12691,108.71
12692,299.43
12693,48.77
12694,107.76
12695,304.53
12696,49.43
12697,109.58
12698,310.9
12699,49.5
12700,111.44
12701,309.55
12702,49.12
12703,112.22
12704,314.94
12705,50.39
12706,114.09
12707,326.72
12708,49.52
12709,112.59
12710,323.86
12711,49.66
12712,114.59
12713,325.9
12714,47.65
12715,114.05
12716,324.72
12717,48.38
12718,115.37
12719,332.43
12720,49.12
12721,115.88
12722,333.6
12723,47.9
12724,118.54
12725,334.72
12726,48.02
12727,117.85
12728,333.49
12729,47.19
12730,120.4
12731,334.17
12732,47.61
12733,119.98
12734,341.39
12735,47.69
12736,114.27
12737,328.5
12738,48.55
12739,114.49
12740,327.64
12741,48.18
12742,115.17
12743,318.66
12744,48.12
12745,115.33
12746,318.16
12747,48.89
12748,114.71
12749,314.29
12750,48.06
12751,113.06
12752,307.63
12753,47.46
12754,113.22
12755,309.98
12756,47.95
12757,110.79
12758,305.9
12759,46.86
12760,110.98
12761,304.72
12762,47.09
12763,109.24
12764,304.99
12765,47.02
12766,107.6
12767,303.67
12768,45.76
12769,108.03
12770,297.35
12771,44.58
12772,109.09
12773,298.12
12774,45.52
12775,111.57
12776,299.18
12777,47.7
12778,111.27
12779,300.23
12780,47.49
12781,112.92
12782,305.98
12783,48.01
12784,112.24
12785,305.85
12786,48.35
12787,111.62
12788,303.62
12789,48.05
12790,115.24
12791,309.75
12792,48.42
12793,114.63
12794,311.12
12795,47.96
12796,111.28
12797,311.02
12798,46.02
12799,109.37
12800,312.24
12801,45.28
12802,109.27
12803,308.19
12804,46.22
12805,106.83
12806,302.5
12807,45.86
12808,106.35
12809,296.28
12810,45.21
12811,107.95
12812,297.43
12813,46.57
12814,111.95
12815,301
12816,47.58
12817,111.63
12818,299
12819,46.34
12820,109.84
12821,293.59
12822,46.26
12823,110.34
12824,296.22
12825,45.78
12826,110.44
12827,290.47
12828,45.59
12829,107.04
12830,288.23
12831,45.02
12832,106.6
12833,289.76
12834,46.88
12835,108.86
12836,290.54
12837,46.75
12838,109.57
12839,302.44
12840,46.2
12841,112.24
12842,308.48
12843,47.4
12844,113.59
12845,312.62
12846,47.43
12847,113.64
12848,308.19
12849,48.22
12850,109.98
12851,308.56
12852,40.68
12853,116.54
12854,306.32
12855,40.13
12856,118.81
12857,314.01
12858,41.47
12859,118.48
12860,355.45
12861,40.56
12862,118.79
12863,358.51
12864,41.32
12865,119.3
12866,360.39
12867,41.59
12868,119.52
12869,361.35
12870,41.7
12871,119.62
12872,373.78
12873,42.91
12874,118.14
12875,371.72
12876,42.67
12877,119.22
12878,369.68
12879,42.3
12880,122.48
12881,372.05
12882,43.71
12883,124.84
12884,373.16
12885,42.4
12886,125.97
12887,378.82
12888,43.54
12889,126.93
12890,379.64
12891,43.82
12892,128.2
12893,375.98
12894,44.39
12895,128.64
12896,374.85
12897,44.42
12898,127.48
12899,378.81
12900,43.99
12901,130.32
12902,380.78
12903,45.27
12904,133.46
12905,377.04
12906,44.82
12907,132.51
12908,378.73
12909,44.63
12910,128.06
12911,384.37
12912,44.26
12913,130.29
12914,385.66
12915,44.49
12916,128.8
12917,381
12918,44.3
12919,128.62
12920,383.05
12921,44.19
12922,128.8
12923,383.84
12924,42.81
12925,128.65
12926,383.73
12927,42.75
12928,126.05
12929,386.16
12930,43.4
12931,126.01
12932,378.85
12933,41.87
12934,126.87
12935,378.9
12936,43.99
12937,123.95
12938,372
12939,41.76
12940,122.87
12941,367.86
12942,41.92
12943,124.79
12944,370.58
12945,40.76
12946,123.51
12947,368.3
12948,41.68
12949,124.68
12950,370.02
12951,41.34
12952,127.19
12953,372.61
12954,41.94
12955,128.55
12956,371.84
12957,42.6
12958,128.54
12959,372.57
12960,42.67
12961,126.29
12962,376.86
12963,43.07
12964,127.06
12965,372.87
12966,43.54
12967,126.5
12968,372.39
12969,43.12
12970,122.17
12971,371.63
12972,40.25
12973,123.96
12974,368.21
12975,40.89
12976,123.11
12977,369.95
12978,40.01
12979,126.35
12980,373.97
12981,40.32
12982,124.66
12983,372.22
12984,40.43
12985,123.73
12986,368.74
12987,41.06
12988,124.65
12989,368.84
12990,40.4
12991,127.43
12992,376.73
12993,41.95
12994,125.48
12995,374.49
12996,41.44
12997,125.08
12998,378.85
12999,41.81
13000,126.19
13001,381.8
13002,41.92
13003,128.12
13004,383.41
13005,41.29
13006,126.14
13007,382.82
13008,42.08
13009,125.87
13010,387.11
13011,41.97
13012,127.25
13013,384.45
13014,42.93
13015,126.6
13016,388.4
13017,42.86
13018,124.45
13019,377.87
13020,41.54
13021,127.11
13022,389.72
13023,42.64
13024,127.02
13025,391.56
13026,42.24
13027,129.07
13028,389.12
13029,43.07
13030,129.69
13031,403.41
13032,43.24
13033,130.25
13034,453.49
13035,47.64
13036,133.48
13037,440.77
13038,47.79
13039,130.09
13040,429.16
13041,48.96
13042,128.89
13043,430.33
13044,49.49
13045,125.01
13046,424.84
13047,48.03
13048,128.86
13049,422.94
13050,48.3
13051,128.46
13052,427.98
13053,48.9
13054,125.54
13055,423.91
13056,47.71
13057,125.29
13058,418.17
13059,45.87
13060,125.2
13061,427.75
13062,46.98
13063,126.89
13064,429.7
13065,48.31
13066,125.72
13067,433.17
13068,47.6
13069,125.73
13070,427.5
13071,47.56
13072,125.69
13073,428.86
13074,47.24
13075,128.92
13076,430.3
13077,48.23
13078,128.54
13079,425.3
13080,48.28
13081,130.85
13082,423.91
13083,47.75
13084,130.02
13085,421.72
13086,47.13
13087,130.41
13088,423.28
13089,47.09
13090,130.95
13091,430.93
13092,47.36
13093,132.67
13094,427.96
13095,46.97
13096,129.13
13097,423.87
13098,46.29
13099,131.6
13100,429.04
13101,48.26
13102,131.93
13103,426.41
13104,47.07
13105,129.2
13106,429.53
13107,46.4
13108,130.07
13109,428.42
13110,47.25
13111,130.01
13112,429.85
13113,46.58
13114,129.88
13115,435.66
13116,46.49
13117,129.01
13118,429.25
13119,45.22
13120,128.23
13121,426.99
13122,45.66
13123,127.53
13124,423.59
13125,45.2
13126,127.78
13127,422.82
13128,45.33
13129,128.68
13130,428.42
13131,46.14
13132,127.77
13133,431.17
13134,46.28
13135,126.44
13136,427.66
13137,46.08
13138,127.4
13139,423.84
13140,45.39
13141,127.09
13142,425.26
13143,45.22
13144,127.11
13145,426.53
13146,46.73
13147,127.49
13148,436.06
13149,46.94
13150,125.72
13151,435.62
13152,46.14
13153,127.57
13154,435.63
13155,45.81
13156,127.11
13157,444.63
13158,46.11
13159,127.38
13160,439.48
13161,45.29
13162,126.86
13163,439.4
13164,45.31
13165,126.29
13166,436.63
13167,45.23
13168,123.89
13169,432.2
13170,43.58
13171,124.54
13172,434.87
13173,43.14
13174,125.69
13175,436.08
13176,43.74
13177,125.87
13178,434.54
13179,44.24
13180,125.98
13181,437.17
13182,44.52
13183,126.64
13184,432.3
13185,45.36
13186,122.93
13187,432.65
13188,44.13
13189,120.6
13190,436.22
13191,44.01
13192,124.12
13193,443.4
13194,44.39
13195,125.86
13196,456.89
13197,46.05
13198,125.74
13199,467.88
13200,45.69
13201,126.77
13202,462.63
13203,46.01
13204,128.42
13205,480.38
13206,46.17
13207,129.23
13208,485.46
13209,46.54
13210,132.28
13211,488.95
13212,46.83
13213,130.27
13214,489.39
13215,48.4
13216,123.17
13217,494.52
13218,44.56
13219,123.86
13220,502.93
13221,46.53
13222,123.86
13223,552.58
13224,45.95
13225,121.97
13226,546.22
13227,44.91
13228,122.87
13229,533.67
13230,45.17
13231,123.14
13232,530
13233,46.2
13234,121.07
13235,539.67
13236,46.5
13237,121.61
13238,535.6
13239,46.21
13240,118.14
13241,532.55
13242,47.01
13243,114.96
13244,532.28
13245,47.86
13246,114.65
13247,539.13
13248,46.99
13249,114.56
13250,529.67
13251,46.42
13252,115.38
13253,521.77
13254,46.62
13255,119.34
13256,531.23
13257,47.07
13258,113.87
13259,525.08
13260,46.83
13261,114.33
13262,522.91
13263,47.16
13264,113.62
13265,527.12
13266,46.29
13267,115.02
13268,524.77
13269,47.01
13270,115.73
13271,534.31
13272,47.96
13273,116.2
13274,531.65
13275,47.89
13276,114.6
13277,533.65
13278,46.93
13279,113.01
13280,519.42
13281,46.22
13282,107.64
13283,500.96
13284,42.28
13285,103.1
13286,471.18
13287,42.18
13288,104.02
13289,471.56
13290,40.47
13291,108.59
13292,499.25
13293,42.99
13294,110.76
13295,509.05
13296,44.02
13297,111.61
13298,514.26
13299,43.33
13300,112.91
13301,510.55
13302,43.13
13303,108.47
13304,502.02
13305,40.92
13306,111.95
13307,503.1
13308,43.17
13309,110.62
13310,502.02
13311,44.19
13312,108.76
13313,497.43
13314,42.3
13315,112.47
13316,517.04
13317,43.54
13318,111.45
13319,520.03
13320,42.8
13321,112.33
13322,519.79
13323,43.12
13324,114.3
13325,524.76
13326,44
13327,115.09
13328,522.45
13329,42.26
13330,116.6
13331,519.73
13332,44.53
13333,115.61
13334,519.75
13335,44.56
13336,113.74
13337,539.4
13338,43.45
13339,112.51
13340,536.03
13341,43.16
13342,114.7
13343,540.58
13344,43.78
13345,113.39
13346,533.99
13347,44.19
13348,113.86
13349,530.92
13350,43.66
13351,115.55
13352,530.14
13353,44.26
13354,114.63
13355,527.37
13356,43.64
13357,112.42
13358,507.11
13359,42.75
13360,108.56
13361,503.1
13362,44.09
13363,109.33
13364,506.44
13365,44.44
13366,108.8
13367,515.27
13368,44.92
13369,109.71
13370,528.63
13371,46.42
13372,110.69
13373,540.43
13374,46.79
13375,110.69
13376,541.7
13377,46.88
13378,110.84
13379,539.91
13380,47.48
13381,110.26
13382,532.98
13383,48.12
13384,112.57
13385,537.54
13386,47.3
13387,111.71
13388,549.38
13389,47.28
13390,111.82
13391,549.68
13392,47.83
13393,109.87
13394,545.51
13395,47.17
13396,111.17
13397,561.99
13398,47.68
13399,110.69
13400,565.5
13401,48.43
13402,111.74
13403,573.82
13404,47.73
13405,114.37
13406,559.74
13407,48.83
13408,113.73
13409,561.69
13410,46.76
13411,115.33
13412,578.02
13413,47.91
13414,118.9
13415,610.98
13416,52.89
13417,114.77
13418,610.68
13419,54.67
13420,114.61
13421,615.87
13422,54.26
13423,118.98
13424,615.87
13425,53.25
13426,120.09
13427,626.86
13428,53.86
13429,119.65
13430,627.9
13431,52
13432,120.7
13433,624.6
13434,53.72
13435,122.76
13436,629.38
13437,54.23
13438,121.85
13439,642.77
13440,53.89
13441,120.67
13442,652.94
13443,54.59
13444,120.46
13445,652.61
13446,55.12
13447,119.36
13448,649.53
13449,54.62
13450,116.25
13451,656.8
13452,54.18
13453,115.86
13454,672.74
13455,53.83
13456,115.19
13457,668.15
13458,52.42
13459,112.41
13460,643.1
13461,51.85
13462,113.91
13463,641.3
13464,54.02
13465,113.51
13466,641
13467,52.57
13468,116.66
13469,658.63
13470,54.06
13471,119.45
13472,662.92
13473,53.64
13474,118.99
13475,664.94
13476,54.66
13477,117.2
13478,678.33
13479,54.28
13480,119.4
13481,671.09
13482,54.57
13483,117.69
13484,677.27
13485,53.37
13486,117.66
13487,674.26
13488,54.13
13489,117.3
13490,670.31
13491,53.86
13492,116.89
13493,679.79
13494,56.4
13495,115.97
13496,677.79
13497,54.53
13498,114.44
13499,661.3
13500,53.46
13501,119.98
13502,668.3
13503,56.57
13504,117.88
13505,663.43
13506,55.63
13507,118.09
13508,672.51
13509,56.07
13510,114.55
13511,664.97
13512,54.57
13513,115.9
13514,665.51
13515,55.6
13516,112.78
13517,647.26
13518,53.84
13519,111.51
13520,653.15
13521,55.62
13522,110.83
13523,662.47
13524,54.3
13525,111.39
13526,669.19
13527,56.74
13528,110.08
13529,672.9
13530,55.56
13531,106.4
13532,668.59
13533,53.55
13534,107.72
13535,665.32
13536,54.6
13537,107.44
13538,669.05
13539,55.65
13540,108.58
13541,663.05
13542,56.01
13543,107.55
13544,665.14
13545,56.06
13546,105.99
13547,674.79
13548,55.92
13549,108.31
13550,693.7
13551,56.09
13552,108.37
13553,690.01
13554,57.16
13555,104.81
13556,675.36
13557,55.4
13558,105.68
13559,635.87
13560,55.11
13561,102.69
13562,635.14
13563,54.46
13564,101.1
13565,629.18
13566,53.62
13567,96.36
13568,609.99
13569,50.94
13570,98.02
13571,615.85
13572,51.8
13573,99.53
13574,616.24
13575,52.57
13576,99.02
13577,618.41
13578,52.29
13579,96.85
13580,583.62
13581,50.89
13582,98.1
13583,584.3
13584,53.66
13585,97.48
13586,580.49
13587,50.99
13588,96.9
13589,576.19
13590,50.47
13591,96.9
13592,568.33
13593,51.47
13594,97.01
13595,579.52
13596,50.5
13597,101.09
13598,591.51
13599,52.75
13600,99.19
13601,597
13602,51.86
13603,99.51
13604,594.86
13605,52.01
13606,93.54
13607,586.42
13608,52.05
13609,93.8
13610,611.78
13611,52.85
13612,96.78
13613,580.02
13614,56.01
13615,95.61
13616,579.62
13617,55.75
13618,94.14
13619,559.24
13620,52.39
13621,96.31
13622,533.87
13623,52.07
13624,95.99
13625,534.8
13626,51.83
13627,93.86
13628,502.29
13629,50.06
13630,94.67
13631,480.6
13632,50.4
13633,95.47
13634,489.67
13635,49.76
13636,94.69
13637,490.04
13638,50.2
13639,93.17
13640,499.96
13641,49.65
13642,94.42
13643,512.81
13644,50.31
13645,96.56
13646,520.16
13647,50.74
13648,98.43
13649,538.27
13650,53.03
13651,96.45
13652,527.69
13653,52.89
13654,95.78
13655,530.01
13656,51.62
13657,97.23
13658,554.06
13659,52.93
13660,94.55
13661,549.92
13662,50.87
13663,96.05
13664,548.6
13665,51.6
13666,95.96
13667,554.82
13668,52.42
13669,96.63
13670,555.17
13671,51.3
13672,96.66
13673,560.57
13674,51.12
13675,100.77
13676,574.9
13677,53.47
13678,100.69
13679,575.92
13680,53.43
13681,101.66
13682,573.95
13683,52.91
13684,102.65
13685,574.56
13686,52.22
13687,101.49
13688,561.47
13689,50.6
13690,101.4
13691,562.57
13692,51.76
13693,101.91
13694,562.88
13695,53.59
13696,101.78
13697,563.33
13698,52.12
13699,102.61
13700,565.55
13701,53.12
13702,103.15
13703,569.26
13704,53.89
13705,104.33
13706,575.5
13707,54.01
13708,105.87
13709,574.79
13710,54.27
13711,106.1
13712,561.33
13713,55.5
13714,106.07
13715,552.33
13716,53.53
13717,105.45
13718,548.84
13719,54
13720,106.62
13721,557.94
13722,54.16
13723,106.24
13724,565.91
13725,54.12
13726,105.64
13727,579.21
13728,54.48
13729,104.68
13730,579.54
13731,53.64
13732,108.19
13733,594.58
13734,55.28
13735,109.16
13736,598.25
13737,54.75
13738,109.09
13739,592.2
13740,55.23
13741,109.87
13742,593.79
13743,55.94
13744,110.09
13745,591.04
13746,55.79
13747,109.02
13748,585.66
13749,54.03
13750,110.2
13751,599.4
13752,55.47
13753,108.71
13754,593.56
13755,54.63
13756,108.49
13757,596.88
13758,54.5
13759,108.76
13760,600.33
13761,53.82
13762,109.78
13763,600.78
13764,54.35
13765,111.78
13766,614.97
13767,55.19
13768,112.1
13769,617.44
13770,54.91
13771,108.97
13772,621.29
13773,55.29
13774,106.56
13775,634.76
13776,56.63
13777,106.13
13778,626.98
13779,57.26
13780,106.84
13781,630.93
13782,55.84
13783,105.6
13784,631.89
13785,56.8
13786,105.23
13787,616.06
13788,50.1
13789,105.28
13790,621.77
13791,52.11
13792,104.04
13793,617.13
13794,51.21
13795,96.17
13796,607.5
13797,51.12
13798,94.04
13799,628.86
13800,50.05
13801,93.48
13802,667.57
13803,49.83
13804,93.07
13805,678.75
13806,49.83
13807,94.32
13808,671.1
13809,49.83
13810,94.4
13811,670.06
13812,50.43
13813,93.37
13814,660.51
13815,49.97
13816,93.77
13817,667.96
13818,50.57
13819,92.9
13820,683.47
13821,50.29
13822,93.51
13823,700.77
13824,51.87
13825,92.65
13826,712.04
13827,49.74
13828,89.8
13829,715.67
13830,52.29
13831,90.99
13832,708.36
13833,50.3
13834,94.73
13835,706.92
13836,52.53
13837,93.86
13838,694.23
13839,50.11
13840,94.75
13841,696.94
13842,51.02
13843,94.61
13844,695.46
13845,50.26
13846,95.71
13847,703.81
13848,50
13849,96.36
13850,700.54
13851,50.05
13852,98.62
13853,705.92
13854,51.91
13855,99.06
13856,707.48
13857,51.84
13858,100.17
13859,712
13860,51.98
13861,100.63
13862,711.84
13863,52.57
13864,99.73
13865,718.99
13866,52.77
13867,98.26
13868,720.85
13869,53.63
13870,97.6
13871,724.76
13872,53.09
13873,97.87
13874,724.42
13875,52.01
13876,97.23
13877,727.86
13878,52.29
13879,98.24
13880,720.61
13881,51.99
13882,98.1
13883,724.01
13884,51.4
13885,99
13886,724.76
13887,51.27
13888,98.89
13889,715.07
13890,51.88
13891,96.76
13892,713.13
13893,49.98
13894,96.88
13895,718.32
13896,49.34
13897,96.93
13898,716.53
13899,49.19
13900,97.26
13901,712.97
13902,50.9
13903,94.47
13904,706.54
13905,50.18
13906,94.28
13907,712.16
13908,49.26
13909,95.81
13910,712.72
13911,51.12
13912,94.19
13913,707.01
13914,50.64
13915,95.64
13916,714.7
13917,52.55
13918,92.47
13919,695.45
13920,48.77
13921,91.72
13922,691.09
13923,48.14
13924,93.42
13925,707.97
13926,49.5
13927,94.02
13928,715.97
13929,50.56
13930,95.33
13931,716.03
13932,51.21
13933,95.79
13934,722.99
13935,50.95
13936,94.5
13937,725.12
13938,50.71
13939,96.62
13940,734.83
13941,51.92
13942,95.83
13943,735.95
13944,52.42
13945,96.89
13946,746.94
13947,52.7
13948,96.77
13949,753.83
13950,53.32
13951,97.4
13952,745.63
13953,53.48
13954,96.95
13955,747.91
13956,54.01
13957,98.62
13958,744.7
13959,53
13960,98.48
13961,737.19
13962,54.13
13963,100.19
13964,735.65
13965,54.71
13966,99.66
13967,738.41
13968,52.33
13969,100.02
13970,742.27
13971,56.08
13972,97.79
13973,745
13974,55.62
13975,98.64
13976,750.28
13977,57.44
13978,97.16
13979,741.3
13980,56.64
13981,96.45
13982,736.59
13983,56.29
13984,104.44
13985,740.06
13986,56.11
13987,104.83
13988,752.13
13989,56.44
13990,105.03
13991,759.37
13992,56.52
13993,105.58
13994,764.05
13995,56.8
13996,104.82
13997,761.11
13998,56.73
13999,105.37
14000,756.44
14001,57.09
14002,106.42
14003,763.01
14004,58.12
14005,107.36
14006,765.45
14007,57.95
14008,108.22
14009,763.87
14010,58.89
14011,109.07
14012,767.66
14013,57.93
14014,107.99
14015,767.66
14016,58.12
14017,108.44
14018,769.78
14019,58.27
14020,107.76
14021,770.94
14022,57.42
14023,109.68
14024,769.2
14025,57.51
14026,108.79
14027,765.32
14028,56.59
14029,108.95
14030,761.55
14031,57.5
14032,108.6
14033,764.01
14034,57.89
14035,109.24
14036,758.82
14037,58.15
14038,109.1
14039,759.08
14040,58.16
14041,108.47
14042,763.02
14043,57.6
14044,107.63
14045,755.65
14046,58.17
14047,107.05
14048,758.03
14049,59.3
14050,106.02
14051,769.29
14052,57.85
14053,106.18
14054,769.8
14055,57.32
14056,105.74
14057,767.78
14058,57.43
14059,106.09
14060,769.73
14061,57.18
14062,107.33
14063,771.71
14064,57.73
14065,107.64
14066,773.58
14067,56.7
14068,107.35
14069,786.99
14070,58.24
14071,108.43
14072,782.87
14073,57.54
14074,104.74
14075,783.58
14076,57.56
14077,102.63
14078,759.2
14079,54.87
14080,105.68
14081,764.93
14082,56.92
14083,107.45
14084,759.65
14085,56.42
14086,112.44
14087,760.07
14088,56.45
14089,115.31
14090,767.5
14091,56.76
14092,114.97
14093,778.61
14094,57.56
14095,113.27
14096,777.11
14097,56.84
14098,113.48
14099,780.29
14100,57.08
14101,114.5
14102,789.19
14103,57.77
14104,114.57
14105,803.64
14106,57.66
14107,112.03
14108,801.38
14109,57.34
14110,112.82
14111,798.71
14112,56.34
14113,112.76
14114,813.03
14115,58.19
14116,114.21
14117,825.67
14118,59.08
14119,112.77
14120,830.82
14121,57.94
14122,113.29
14123,835.39
14124,57.17
14125,112.49
14126,836.75
14127,57.85
14128,112.48
14129,836.19
14130,57.51
14131,112.38
14132,841.88
14133,57.7
14134,113.58
14135,844.93
14136,57.9
14137,114.72
14138,841.8
14139,58.03
14140,116.59
14141,842.58
14142,58.67
14143,115.58
14144,831.48
14145,56.64
14146,117.49
14147,832.36
14148,57.83
14149,117.56
14150,828.16
14151,57.71
14152,117.43
14153,828.85
14154,57.95
14155,118.18
14156,820.42
14157,56.8
14158,117.96
14159,820.46
14160,57.65
14161,117.5
14162,819.64
14163,58.49
14164,117.09
14165,808.28
14166,57.71
14167,116.38
14168,817.08
14169,59.41
14170,117.1
14171,837.83
14172,62.24
14173,119.07
14174,834.65
14175,61.53
14176,114.99
14177,824.79
14178,60.37
14179,114.59
14180,813.88
14181,60.37
14182,112.43
14183,776.65
14184,59.92
14185,113.23
14186,786.07
14187,60.19
14188,111.1
14189,784.38
14190,58.95
14191,111.49
14192,773.13
14193,58.26
14194,109.31
14195,770.61
14196,59.27
14197,108.45
14198,762.75
14199,58.5
14200,110.07
14201,783.06
14202,61.41
14203,110.77
14204,776.88
14205,61.43
14206,110.89
14207,771.76
14208,61.08
14209,107.25
14210,731.84
14211,58.28
14212,108.71
14213,746.01
14214,58.87
14215,105.33
14216,726.97
14217,57.73
14218,106.77
14219,734.83
14220,58.88
14221,109.74
14222,746.77
14223,60.18
14224,109.91
14225,752.51
14226,60.71
14227,110.17
14228,763.76
14229,60.6
14230,111.85
14231,779.4
14232,60.98
14233,111.54
14234,786.5
14235,60.96
14236,111.07
14237,780.23
14238,59.77
14239,112.16
14240,782.25
14241,61.42
14242,111.88
14243,769.09
14244,60.3
14245,111.59
14246,764.12
14247,60.84
14248,110.35
14249,756.44
14250,60.12
14251,108.9
14252,744.54
14253,59.18
14254,109.7
14255,743.73
14256,58.97
14257,109.17
14258,760.33
14259,60.07
14260,109.63
14261,760.01
14262,59.69
14263,111.06
14264,766.01
14265,61.71
14266,111.72
14267,768.44
14268,60.44
14269,113.68
14270,768.38
14271,62.43
14272,113.37
14273,759.56
14274,62.47
14275,115.04
14276,776.2
14277,62.76
14278,115.02
14279,768.26
14280,63.11
14281,115.18
14282,766.51
14283,62.69
14284,115.56
14285,757.79
14286,61.94
14287,116.12
14288,768.89
14289,64.11
14290,116.13
14291,772.19
14292,63.65
14293,116.92
14294,766.22
14295,63.81
14296,115.39
14297,764.65
14298,62.97
14299,117
14300,758.94
14301,63.72
14302,117.23
14303,772.24
14304,63.22
14305,116.17
14306,772.75
14307,62.75
14308,116.52
14309,765.77
14310,62.55
14311,115.06
14312,753.75
14313,60.74
14314,116.2
14315,756.34
14316,61.92
14317,115.62
14318,757.96
14319,61.96
14320,115.92
14321,780.64
14322,61.78
14323,117.52
14324,795.13
14325,63.57
14326,118.68
14327,792.96
14328,62.76
14329,118.9
14330,791.64
14331,62.3
14332,120.04
14333,798.22
14334,64.23
14335,119.15
14336,812.22
14337,62.57
14338,118.84
14339,814.99
14340,63.08
14341,120.38
14342,808.7
14343,62.62
14344,119.89
14345,811.11
14346,63.13
14347,120.39
14348,811.51
14349,62.11
14350,119.93
14351,808.7
14352,63.34
14353,120.03
14354,817.93
14355,62.99
14356,120.05
14357,821.7
14358,63.32
14359,122.09
14360,836.11
14361,63.5
14362,120.9
14363,837.48
14364,64.04
14365,121.69
14366,834.06
14367,65.47
14368,121.32
14369,820.87
14370,65.73
14371,121.87
14372,822.65
14373,64.68
14374,128.64
14375,830.37
14376,63.12
14377,128.19
14378,827.84
14379,63.23
14380,129.62
14381,807.58
14382,64.1
14383,129.89
14384,807.72
14385,64.55
14386,131.17
14387,813.13
14388,63.43
14389,131.27
14390,815.58
14391,63.44
14392,133.02
14393,822.14
14394,64.14
14395,132.8
14396,825.53
14397,63.99
14398,133.11
14399,836.94
14400,65.35
14401,135.38
14402,835.1
14403,65.14
14404,135.11
14405,839.47
14406,64.61
14407,136.05
14408,842.63
14409,63.09
14410,135.94
14411,845.64
14412,64.99
14413,136.8
14414,857.8
14415,63.55
14416,137.19
14417,855.11
14418,64.91
14419,135.84
14420,846.95
14421,64.84
14422,136.99
14423,841.29
14424,64.49
14425,136.95
14426,848.9
14427,63.98
14428,137.32
14429,848.29
14430,64.25
14431,140.03
14432,849.71
14433,65.27
14434,138.04
14435,848.01
14436,63.73
14437,139.49
14438,849.57
14439,65.14
14440,139.17
14441,844.64
14442,64.33
14443,139.11
14444,844.53
14445,64.22
14446,139.16
14447,849.33
14448,65.08
14449,138.78
14450,852.81
14451,64.95
14452,138.84
14453,852.38
14454,64.52
14455,139.4
14456,856.11
14457,64.86
14458,138.06
14459,851.87
14460,63.92
14461,140.23
14462,851.49
14463,64.71
14464,140.5
14465,853.64
14466,64.99
14467,139.77
14468,850.95
14469,64.76
14470,141.17
14471,858.7
14472,65.1
14473,138.56
14474,844.95
14475,63.84
14476,141.94
14477,847.96
14478,66.01
14479,141.12
14480,849.94
14481,64.43
14482,140.06
14483,846.48
14484,64.3
14485,140.73
14486,845.02
14487,65.56
14488,143.33
14489,855.13
14490,65.06
14491,143.44
14492,871.2
14493,65.97
14494,144.17
14495,871.3
14496,66.24
14497,143.48
14498,884.68
14499,66.07
14500,143.69
14501,888.79
14502,66.05
14503,144.98
14504,905.59
14505,66.27
14506,143.76
14507,914.36
14508,64.66
14509,143.52
14510,898.03
14511,65.54
14512,143.17
14513,896.11
14514,65.74
14515,143.41
14516,906.16
14517,65.91
14518,141.42
14519,901.11
14520,66.1
14521,141.75
14522,898.23
14523,65.23
14524,140.89
14525,886
14526,63.68
14527,141.97
14528,900.07
14529,66.05
14530,141.21
14531,907.65
14532,65.36
14533,140.78
14534,898.88
14535,64.53
14536,142.83
14537,901.58
14538,65.77
14539,142.48
14540,902.8
14541,65.88
14542,143.4
14543,908.39
14544,67.69
14545,144.38
14546,905.3
14547,68.43
14548,143.69
14549,911.74
14550,68.14
14551,144.51
14552,922.2
14553,68.79
14554,144.27
14555,935.31
14556,68.43
14557,146.51
14558,948.37
14559,70.05
14560,147.07
14561,944.79
14562,69.31
14563,146.97
14564,940.13
14565,68.86
14566,146.35
14567,939.29
14568,69.5
14569,148.61
14570,938.26
14571,69.37
14572,152.69
14573,948.6
14574,68.99
14575,153.18
14576,953.95
14577,69.35
14578,152.9
14579,946.65
14580,69.39
14581,153.8
14582,947.41
14583,68.12
14584,155.81
14585,957.18
14586,68.61
14587,155.71
14588,957.28
14589,69.53
14590,156
14591,962.22
14592,69.82
14593,150.3
14594,946.92
14595,66.35
14596,152.68
14597,957.93
14598,67.82
14599,152.25
14600,961.03
14601,67.02
14602,153.64
14603,966.25
14604,69.06
14605,153.37
14606,968.14
14607,69
14608,153.85
14609,980.62
14610,69.18
14611,153.15
14612,995.06
14613,68.95
14614,153.05
14615,992.44
14616,70.82
14617,152.63
14618,997.08
14619,71.19
14620,151.88
14621,989.44
14622,69.45
14623,152.72
14624,993.68
14625,70.29
14626,155.5
14627,1005.89
14628,72.07
14629,153.96
14630,1003.01
14631,71.68
14632,154.54
14633,1006.53
14634,72.42
14635,156.05
14636,1011.74
14637,73.1
14638,155.4
14639,1018.7
14640,72.08
14641,148.23
14642,953.15
14643,70.16
14644,145.01
14645,966.85
14646,70.33
14647,146.66
14648,980.35
14649,70.88
14650,144.24
14651,970.77
14652,70.64
14653,144.48
14654,971.09
14655,71.04
14656,143.51
14657,1004.41
14658,70.65
14659,146.89
14660,1002.42
14661,70.75
14662,144.18
14663,998.39
14664,70.27
14665,145.63
14666,1003.23
14667,70.72
14668,144.84
14669,1005.58
14670,70.61
14671,146.59
14672,1007.38
14673,71.96
14674,145.8
14675,996.4
14676,70.29
14677,143.83
14678,980.2
14679,69.08
14680,144.66
14681,975.54
14682,70.21
14683,144.31
14684,973.57
14685,69.14
14686,143.65
14687,970.46
14688,69.35
14689,142.84
14690,958.37
14691,67.41
14692,143.64
14693,964.66
14694,68.68
14695,142.47
14696,965.17
14697,68.41
14698,144.27
14699,974.05
14700,69.19
14701,144.33
14702,992.28
14703,69.32
14704,145.42
14705,992.6
14706,69.92
14707,145.77
14708,1005.39
14709,71.26
14710,147.32
14711,999.31
14712,71.82
14713,148.94
14714,1002.5
14715,72.02
14716,149.91
14717,1014.84
14718,73.37
14719,150.85
14720,1023.95
14721,74.08
14722,151.14
14723,1029.17
14724,73.68
14725,150.3
14726,1027.72
14727,75.27
14728,150.82
14729,1023.93
14730,74.08
14731,152.65
14732,1038.88
14733,74.77
14734,153.13
14735,1034.85
14736,75.08
14737,154.62
14738,1049.71
14739,74.97
14740,148.96
14741,1050.31
14742,72.95
14743,150.69
14744,1018.57
14745,73.24
14746,149.69
14747,996.41
14748,72.97
14749,151.11
14750,996.28
14751,72.3
14752,157.97
14753,998.45
14754,72.74
14755,156.4
14756,990.35
14757,72.2
14758,157.09
14759,993.26
14760,72.57
14761,158.3
14762,993.05
14763,72.15
14764,160.59
14765,992.02
14766,73
14767,161.33
14768,982.32
14769,72.91
14770,156.34
14771,961.69
14772,71.28
14773,157.35
14774,971.31
14775,72.84
14776,159.02
14777,984.74
14778,73.26
14779,160.57
14780,986.61
14781,73.67
14782,159.89
14783,979.27
14784,73.6
14785,158.03
14786,963.74
14787,71.55
14788,157.35
14789,960.3
14790,72.79
14791,156.9
14792,952.42
14793,73.09
14794,159.24
14795,962.54
14796,73.44
14797,159.22
14798,957
14799,72.74
14800,158.88
14801,952.45
14802,72.9
14803,158.71
14804,949.22
14805,72.55
14806,161.18
14807,948.73
14808,73.5
14809,162.94
14810,949.95
14811,73.46
14812,163.4
14813,964.54
14814,74.22
14815,163.99
14816,977.04
14817,74.71
14818,164
14819,977.46
14820,74.05
14821,161.58
14822,965.15
14823,74.18
14824,161.71
14825,971.6
14826,73.31
14827,161.45
14828,981.37
14829,74.8
14830,158.09
14831,969.09
14832,74.15
14833,161.04
14834,976.06
14835,75.02
14836,160.76
14837,978.36
14838,74.51
14839,159.93
14840,996.25
14841,75.86
14842,158.65
14843,992.04
14844,74.17
14845,159.84
14846,990.3
14847,76.42
14848,159.19
14849,972.2
14850,74.49
14851,158.78
14852,972.88
14853,75.56
14854,155.61
14855,968.85
14856,74.69
14857,154.01
14858,965.9
14859,73.91
14860,152.01
14861,959.79
14862,74.57
14863,150.55
14864,943.95
14865,73.21
14866,153.68
14867,944.03
14868,73.26
14869,154.36
14870,950.39
14871,74.03
14872,153.63
14873,954.89
14874,74.18
14875,153.25
14876,960.81
14877,74.29
14878,154.14
14879,954.54
14880,74.75
14881,154.55
14882,953.67
14883,74.06
14884,153.65
14885,963.22
14886,75.4
14887,155.78
14888,975.87
14889,76.16
14890,155.49
14891,991.87
14892,76.78
14893,155.79
14894,993.25
14895,76.33
14896,155.67
14897,987.76
14898,76.17
14899,156.94
14900,992.57
14901,77.51
14902,156.22
14903,1005.1
14904,77.43
14905,157
14906,1002.88
14907,77.92
14908,159.61
14909,1002.06
14910,77.95
14911,160.1
14912,1006.27
14913,78.27
14914,160
14915,1002.12
14916,78.2
14917,155.05
14918,994.11
14919,78.91
14920,156.14
14921,994.33
14922,79.5
14923,155.92
14924,973.04
14925,78.25
14926,157.28
14927,979.67
14928,79.46
14929,155.83
14930,975.45
14931,78.56
14932,156.96
14933,995.16
14934,78.58
14935,163.06
14936,1109.39
14937,84.18
14938,167.46
14939,1104.53
14940,84.87
14941,168.74
14942,1105.88
14943,83.94
14944,167.03
14945,1097.76
14946,83.09
14947,169.17
14948,1094.11
14949,84.59
14950,172.67
14951,1108.05
14952,84.51
14953,174.38
14954,1116.52
14955,84.88
14956,175.41
14957,1123.43
14958,83.54
14959,176.6
14960,1123.67
14961,84.07
14962,175.8
14963,1123.22
14964,85.24
14965,174.38
14966,1126.58
14967,84.12
14968,174.04
14969,1135.67
14970,84.31
14971,170.97
14972,1133.3
14973,84.38
14974,169.39
14975,1132.66
14976,83.13
14977,171.37
14978,1137.58
14979,83.66
14980,170.08
14981,1131.97
14982,81.78
14983,169.43
14984,1134.51
14985,82.54
14986,174.22
14987,1139.54
14988,83.39
14989,175.06
14990,1162.06
14991,82.47
14992,175.3
14993,1191.62
14994,83.43
14995,174.92
14996,1205.04
14997,84.2
14998,173.24
14999,1198.95
15000,85.13
15001,168.71
15002,1157.01
15003,83.24
15004,170.21
15005,1168.89
15006,84.39
15007,170.87
15008,1165.16
15009,84.35
15010,169.37
15011,1132.82
15012,80.32
15013,169.92
15014,1143.69
15015,81.1
15016,169.28
15017,1150.03
15018,82.83
15019,168.34
15020,1157.99
15021,82.22
15022,168.35
15023,1161.44
15024,84.15
15025,171.98
15026,1165.51
15027,85.13
15028,171.48
15029,1168.35
15030,85.15
15031,172.33
15032,1162.37
15033,85.71
15034,172.73
15035,1177.76
15036,85.05
15037,173.65
15038,1180.64
15039,87.09
15040,176.55
15041,1188.34
15042,86.14
15043,174.72
15044,1187.47
15045,86.3
15046,173.41
15047,1179.57
15048,85.58
15049,173.82
15050,1175.72
15051,85.41
15052,174.22
15053,1176.06
15054,86.28
15055,169.44
15056,1176.36
15057,86.15
15058,170.1
15059,1185.19
15060,85.26
15061,169.85
15062,1183.85
15063,86.03
15064,168.68
15065,1172.35
15066,85.22
15067,171.49
15068,1185.08
15069,85.61
15070,171.9
15071,1203.94
15072,86.49
15073,172.31
15074,1209.49
15075,86.44
15076,175.61
15077,1225.82
15078,88.62
15079,173.9
15080,1249.31
15081,88.15
15082,173.5
15083,1246.48
15084,88.37
15085,174.51
15086,1248.35
15087,88.1
15088,174.15
15089,1271.27
15090,88.29
15091,177.56
15092,1301.1
15093,89.62
15094,175.87
15095,1315.72
15096,88.22
15097,179.98
15098,1298.5
15099,91.17
15100,178.17
15101,1304.64
15102,89.97
15103,177.7
15104,1308.76
15105,89.67
15106,177.07
15107,1328.51
15108,91.89
15109,176.7
15110,1366.45
15111,91.28
15112,174.11
15113,1370.36
15114,90.9
15115,171.99
15116,1385.87
15117,92.54
15118,171.91
15119,1404.75
15120,94.02
15121,168.15
15122,1423.92
15123,93.09
15124,166.26
15125,1426.45
15126,92.6
15127,167.08
15128,1461.48
15129,94.9
15130,167.87
15131,1417.05
15132,94.41
15133,159.64
15134,1437.79
15135,91.61
15136,157.59
15137,1369.53
15138,88.95
15139,161.72
15140,1403.81
15141,91.02
15142,159.04
15143,1431.35
15144,89.15
15145,155.77
15146,1374.51
15147,85.26
15148,154.38
15149,1314.84
15150,87.76
15151,161.97
15152,1366.12
15153,87.96
15154,162.29
15155,1388.14
15156,88.4
15157,166.49
15158,1430.15
15159,90.73
15160,172.66
15161,1449.5
15162,92.03
15163,172.18
15164,1446.62
15165,91.86
15166,172.28
15167,1481.44
15168,93.46
15169,171.42
15170,1489.68
15171,91.96
15172,172.73
15173,1492.38
15174,91.99
15175,175.53
15176,1496.89
15177,93.53
15178,178.4
15179,1520.4
15180,95.64
15181,178.06
15182,1525.98
15183,93.9
15184,177.64
15185,1520.67
15186,93.41
15187,173.34
15188,1475.77
15189,92.73
15190,175.67
15191,1485.92
15192,92.96
15193,177
15194,1518.62
15195,94.42
15196,175.97
15197,1533.83
15198,92.87
15199,174.48
15200,1535.63
15201,94.11
15202,176.78
15203,1552.07
15204,94.72
15205,179.77
15206,1575.19
15207,97.47
15208,181.78
15209,1596.77
15210,97.56
15211,180
15212,1597.19
15213,93.66
15214,179.11
15215,1600.76
15216,93.94
15217,179.06
15218,1585.3
15219,94.23
15220,178.28
15221,1569.86
15222,93.87
15223,175.31
15224,1543.29
15225,93.21
15226,174.33
15227,1571.06
15228,92.8
15229,171.75
15230,1570.17
15231,92.47
15232,167.58
15233,1548.35
15234,89.52
15235,164.39
15236,1505
15237,86.99
15238,171.19
15239,1530.51
15240,94.4
15241,168.63
15242,1516.04
15243,88.81
15244,167.54
15245,1420.05
15246,89.34
15247,167.81
15248,1408.04
15249,90.12
15250,166.28
15251,1386.32
15252,88.12
15253,166.91
15254,1387.41
15255,90.36
15256,171.3
15257,1406.3
15258,92.9
15259,172.5
15260,1444.83
15261,91.99
15262,168.81
15263,1412.22
15264,90.44
15265,170.88
15266,1413.23
15267,91.27
15268,172.57
15269,1431.94
15270,92.05
15271,172.1
15272,1443.59
15273,92.03
15274,174.25
15275,1457.28
15276,93.23
15277,174.7
15278,1437.51
15279,93.19
15280,175.07
15281,1446.24
15282,93.6
15283,177.86
15284,1499.38
15285,95.77
15286,178.56
15287,1517.87
15288,97.21
15289,172.29
15290,1561.74
15291,96.41
15292,166.39
15293,1538.18
15294,96.03
15295,165.55
15296,1542.81
15297,96.27
15298,163.59
15299,1479.81
15300,93.01
15301,164.01
15302,1456.66
15303,92.38
15304,163.57
15305,1541.49
15306,94.38
15307,161.81
15308,1598.88
15309,95.75
15310,165
15311,1579.05
15312,94.05
15313,170.13
15314,1585.77
15315,95.15
15316,176.37
15317,1581.48
15318,93.76
15319,176.72
15320,1561.29
15321,94.16
15322,184.09
15323,1576.77
15324,94.99
15325,184.66
15326,1599.02
15327,95.67
15328,185.33
15329,1587.84
15330,96.21
15331,187.51
15332,1604.27
15333,98.21
15334,190.76
15335,1611.58
15336,98.44
15337,189.16
15338,1605.06
15339,98.27
15340,188.28
15341,1606.77
15342,98.45
15343,186.53
15344,1571.67
15345,97.7
15346,188.43
15347,1582.28
15348,98.45
15349,187.21
15350,1573.09
15351,96.25
15352,186.86
15353,1573.32
15354,96.67
15355,187.82
15356,1587.91
15357,97.72
15358,187.74
15359,1577.75
15360,97.69
15361,188.56
15362,1594.93
15363,99.51
15364,187.75
15365,1598.83
15366,98.55
15367,187.93
15368,1605.34
15369,98.5
15370,187.32
15371,1612.69
15372,98.44
15373,187.86
15374,1617.76
15375,99.16
15376,187.27
15377,1625.91
15378,98.67
15379,190.81
15380,1639.34
15381,101.02
15382,191.61
15383,1660.48
15384,101.92
15385,193.3
15386,1695.39
15387,102.43
15388,193.38
15389,1697.12
15390,103.06
15391,193.32
15392,1685.68
15393,100.9
15394,191.29
15395,1686.77
15396,101.91
15397,191.47
15398,1692.58
15399,101.67
15400,192.26
15401,1695.14
15402,101.5
15403,190.96
15404,1706.97
15405,100.96
15406,190.44
15407,1716.52
15408,101.31
15409,187.96
15410,1712.14
15411,99.86
15412,188.22
15413,1714.4
15414,101.19
15415,184.54
15416,1729.74
15417,101.6
15418,185.45
15419,1753.32
15420,101.89
15421,184.76
15422,1727.62
15423,100.93
15424,184.53
15425,1718.49
15426,100.86
15427,181.62
15428,1670.14
15429,98.93
15430,183.48
15431,1678.94
15432,98.86
15433,183.23
15434,1680.38
15435,97.08
15436,184.53
15437,1694.69
15438,97.96
15439,184.93
15440,1699.81
15441,98.53
15442,186.78
15443,1702.74
15444,99.95
15445,184.44
15446,1706.68
15447,98.67
15448,185.02
15449,1698.63
15450,99.79
15451,188.53
15452,1711.06
15453,101.1
15454,190.23
15455,1738.84
15456,101.92
15457,189.87
15458,1744.29
15459,101.84
15460,188.02
15461,1753.51
15462,102.42
15463,190.5
15464,1798.68
15465,103.61
15466,191.38
15467,1806.82
15468,106.1
15469,190.58
15470,1827.02
15471,104.79
15472,191.38
15473,1827.8
15474,106.33
15475,190.24
15476,1828.18
15477,105.68
15478,191.9
15479,1821.82
15480,104.89
15481,192.41
15482,1816.91
15483,106.46
15484,191.55
15485,1803.11
15486,107.86
15487,193.58
15488,1811.29
15489,107.82
15490,195.47
15491,1832.05
15492,111.11
15493,194.45
15494,1826.46
15495,110.05
15496,190.29
15497,1840.91
15498,106.8
15499,189.77
15500,1803.61
15501,105.56
15502,191.87
15503,1779.79
15504,105.34
15505,201.58
15506,1784.52
15507,105.93
15508,206.93
15509,1824.12
15510,108.4
15511,207.59
15512,1814.84
15513,108.2
15514,208.55
15515,1841.19
15516,108.48
15517,207.43
15518,1854.14
15519,109.31
15520,206.32
15521,1877.55
15522,110.83
15523,208.12
15524,1884.31
15525,110.26
15526,207.74
15527,1887.75
15528,108.92
15529,208.36
15530,1918.37
15531,107.86
15532,209.25
15533,1910.84
15534,109.33
15535,209.79
15536,1896.96
15537,107.38
15538,213.99
15539,1896.4
15540,107.54
15541,217.9
15542,1875.12
15543,108.34
15544,216.09
15545,1873.64
15546,107.36
15547,214.28
15548,1882.15
15549,105.9
15550,214.97
15551,1901.01
15552,107.25
15553,216.24
15554,1913.58
15555,106.95
15556,215.52
15557,1914.1
15558,108.19
15559,218.77
15560,1930.73
15561,109.91
15562,218.78
15563,1932.33
15564,109.4
15565,223.18
15566,1994.79
15567,111.69
15568,225.01
15569,2004.54
15570,112.3
15571,227.32
15572,2014.55
15573,112.53
15574,228.14
15575,2036.78
15576,111.57
15577,226.15
15578,2009.13
15579,107.57
15580,222.47
15581,1953.77
15582,109.16
15583,221.43
15584,1964.83
15585,108.23
15586,217.97
15587,1944.55
15588,109.26
15589,223.17
15590,1979.46
15591,112.09
15592,221.75
15593,1988.2
15594,112.28
15595,226.12
15596,2002.51
15597,112.58
15598,224.01
15599,1974.42
15600,113.82
15601,218.14
15602,1913.42
15603,111.74
15604,218.59
15605,1931.57
15606,113
15607,217.25
15608,1920.2
15609,111.64
15610,220.04
15611,1949.22
15612,114.04
15613,217.42
15614,1930.1
15615,114.27
15616,220.22
15617,1919.51
15618,115
15619,221.08
15620,1960.1
15621,114.94
15622,221.9
15623,1974.09
15624,113.94
15625,224.86
15626,1993.31
15627,113.86
15628,224.77
15629,2007.43
15630,114.6
15631,227.56
15632,2004.24
15633,115.31
15634,229.34
15635,1986.26
15636,115.4
15637,232.01
15638,1958.67
15639,114.37
15640,228.07
15641,1922.47
15642,112.01
15643,222.7
15644,1888.55
15645,112.37
15646,223.35
15647,1874.4
15648,111.03
15649,226.14
15650,1874.24
15651,112.67
15652,217.49
15653,1774.79
15654,106.56
15655,217.12
15656,1755.24
15657,106.68
15658,221
15659,1787.17
15660,108.96
15661,218.46
15662,1767.86
15663,107.84
15664,221.34
15665,1806.19
15666,111.34
15667,220.08
15668,1826.38
15669,110.58
15670,214.85
15671,1785.43
15672,108.71
15673,218.24
15674,1780.73
15675,108.88
15676,219.15
15677,1753.88
15678,109.8
15679,218.45
15680,1739.07
15681,107.33
15682,217.54
15683,1679.57
15684,103.02
15685,219.76
15686,1731.71
15687,107.62
15688,216.15
15689,1637.1
15690,106.22
15691,210.12
15692,1524.8
15693,102.84
15694,213.8
15695,1546.81
15696,104.39
15697,218.02
15698,1619.28
15699,107.32
15700,218.43
15701,1663.29
15702,105.93
15703,206.91
15704,1664.76
15705,106.61
15706,201.52
15707,1624.74
15708,107.01
15709,203.59
15710,1661.12
15711,108.79
15712,209.03
15713,1748.39
15714,112.51
15715,208.42
15716,1752.9
15717,112.22
15718,203.03
15719,1722.19
15720,109.82
15721,195.4
15722,1637.2
15723,106.55
15724,194.55
15725,1651.03
15726,107.54
15727,187.31
15728,1608.73
15729,104.66
15730,190.24
15731,1581.42
15732,107.47
15733,191.75
15734,1578.06
15735,107.7
15736,186.12
15737,1545.85
15738,104.35
15739,177.86
15740,1503.37
15741,102.04
15742,176.88
15743,1496.81
15744,102.7
15745,173.43
15746,1512.54
15747,103.36
15748,172.73
15749,1568.2
15750,106.42
15751,175.45
15752,1589.18
15753,107.05
15754,181.77
15755,1684.52
15756,110.41
15757,180.17
15758,1675.6
15759,110.29
15760,181.01
15761,1709.17
15762,112.31
15763,185.01
15764,1778.33
15765,112.7
15766,177.28
15767,1670.24
15768,108.6
15769,174.34
15770,1676.38
15771,108.87
15772,169.59
15773,1647.86
15774,104.61
15775,168.29
15776,1639.68
15777,108.03
15778,169.3
15779,1658.72
15780,109.2
15781,169.64
15782,1684.27
15783,109.37
15784,170.06
15785,1660.32
15786,110.08
15787,165.82
15788,1592.07
15789,105.24
15790,163.52
15791,1532.33
15792,101.37
15793,166.41
15794,1539.29
15795,103.22
15796,160.68
15797,1504.85
15798,104
15799,158.23
15800,1464.79
15801,101.94
15802,151.64
15803,1400.9
15804,99.54
15805,147.79
15806,1359.59
15807,95.46
15808,157.05
15809,1443.35
15810,100.36
15811,154.53
15812,1416.54
15813,100.68
15814,156.49
15815,1476.69
15816,100.9
15817,155.91
15818,1486.21
15819,101.54
15820,153.76
15821,1527.17
15822,100.91
15823,141.99
15824,1520.73
15825,98.32
15826,146.85
15827,1572.54
15828,101.97
15829,146.65
15830,1618.25
15831,102.24
15832,148.17
15833,1649.85
15834,102.32
15835,152.55
15836,1647.3
15837,103.4
15838,153.63
15839,1657.9
15840,103.37
15841,151.54
15842,1642.58
15843,102.09
15844,151.76
15845,1623.33
15846,102.61
15847,153.28
15848,1658.01
15849,104.92
15850,155.04
15851,1683.41
15852,105.04
15853,156.13
15854,1676.42
15855,106.22
15856,156.82
15857,1706.05
15858,107.97
15859,153.27
15860,1640.84
15861,106.18
15862,152.64
15863,1649.28
15864,106.92
15865,154.48
15866,1665.3
15867,107.21
15868,157.72
15869,1668.36
15870,106.78
15871,155.94
15872,1625.98
15873,105.15
15874,157.61
15875,1611.1
15876,102.63
15877,165.97
15878,1668.22
15879,106.22
15880,166.98
15881,1691.5
15882,104.28
15883,166.97
15884,1625.91
15885,102.78
15886,171.25
15887,1627.09
15888,105.99
15889,173.49
15890,1658.82
15891,106.45
15892,172.92
15893,1631.21
15894,105.61
15895,171.14
15896,1605.06
15897,105.69
15898,169.82
15899,1589.75
15900,105.64
15901,168.88
15902,1599.27
15903,106.17
15904,171.31
15905,1638.45
15906,107.9
15907,170.54
15908,1626.02
15909,107.02
15910,170.8
15911,1613.01
15912,106.91
15913,170.22
15914,1607.56
15915,108.48
15916,171.9
15917,1625.89
15918,108.43
15919,171.07
15920,1614.02
15921,106.32
15922,171.11
15923,1609.28
15924,109.73
15925,172.82
15926,1632.8
15927,110.99
15928,174.36
15929,1639.22
15930,111.55
15931,173.99
15932,1628.65
15933,112.02
15934,174.9
15935,1633.34
15936,112.68
15937,173.42
15938,1642.57
15939,112.06
15940,174.36
15941,1664.5
15942,112.78
15943,175.76
15944,1692.52
15945,112.45
15946,175.14
15947,1697.52
15948,112.1
15949,174.83
15950,1676.41
15951,111.21
15952,172.53
15953,1626.04
15954,110.37
15955,173.61
15956,1609.14
15957,111.05
15958,179.4
15959,1665.83
15960,113.31
15961,181.87
15962,1672.03
15963,113.85
15964,182.49
15965,1683.52
15966,114.27
15967,184.21
15968,1703.76
15969,114.92
15970,186.27
15971,1708.07
15972,115.71
15973,187.4
15974,1740.42
15975,117.11
15976,186.23
15977,1760.45
15978,116.68
15979,188
15980,1781.11
15981,116.74
15982,194.48
15983,1810.52
15984,119.56
15985,191.76
15986,1765.33
15987,117.09
15988,189.4
15989,1783.05
15990,117.64
15991,187.43
15992,1790.31
15993,118.24
15994,189.19
15995,1761.85
15996,117.02
15997,188.5
15998,1773.95
15999,117.49
16000,188.93
16001,1785.97
16002,117.96
16003,190.47
16004,1811.13
16005,118.61
16006,193.34
16007,1815.69
16008,120.15
16009,194.9
16010,1825.42
16011,120.15
16012,195.51
16013,1818.24
16014,119.44
16015,196.3
16016,1825.09
16017,119.71
16018,199.96
16019,1843.09
16020,120.21
16021,199.07
16022,1841.84
16023,119.89
16024,200.44
16025,1846.14
16026,120.06
16027,199.68
16028,1847.42
16029,121.24
16030,199
16031,1850.87
16032,122.01
16033,199.07
16034,1835.17
16035,121.69
16036,199.22
16037,1860.11
16038,120.94
16039,203.02
16040,1857.6
16041,121.52
16042,203.67
16043,1855.74
16044,123.6
16045,203.81
16046,1879.25
16047,124
16048,207.73
16049,1920.41
16050,125.81
16051,207.37
16052,1899.59
16053,125.96
16054,204.83
16055,1914.48
16056,129.71
16057,204.42
16058,1946.79
16059,130.51
16060,204.87
16061,1938.6
16062,129.66
16063,202.53
16064,1924.69
16065,130.75
16066,211.82
16067,1924.37
16068,127.85
16069,209.51
16070,1918.06
16071,126.67
16072,209.48
16073,1935.91
16074,128.37
16075,204.67
16076,1919.72
16077,127.41
16078,202.02
16079,1911.35
16080,125.77
16081,202.57
16082,1916.51
16083,125.48
16084,198.44
16085,1887.99
16086,124.15
16087,194.9
16088,1867.52
16089,125.64
16090,185.36
16091,1836.29
16092,123.19
16093,185.33
16094,1831.74
16095,124.69
16096,188.37
16097,1867.54
16098,125.72
16099,187.92
16100,1897.31
16101,128.16
16102,187.81
16103,1871.13
16104,127.69
16105,181.86
16106,1849.06
16107,125.28
16108,184.88
16109,1858.54
16110,125.49
16111,182.2
16112,1858.19
16113,127.63
16114,177.32
16115,1814.45
16116,125.5
16117,179
16118,1818.02
16119,126.23
16120,178.65
16121,1837.81
16122,126.19
16123,176.68
16124,1812.15
16125,124.9
16126,177.87
16127,1813
16128,126.06
16129,175.23
16130,1781.48
16131,123.31
16132,175.2
16133,1802.45
16134,124.98
16135,174.59
16136,1778.05
16137,124.3
16138,174.27
16139,1735.3
16140,122.71
16141,178.2
16142,1730.96
16143,123.35
16144,180.37
16145,1724.39
16146,124.5
16147,183.41
16148,1733.35
16149,126.54
16150,187.82
16151,1767.09
16152,129.35
16153,192.06
16154,1818.21
16155,131.86
16156,194.33
16157,1839.19
16158,132.33
16159,195.99
16160,1858.36
16161,132.81
